0,0
0,0
0,0
0,0
0,0
0,0
0,0
0,0
0,0
0,0
0,0
0,0
0,0
0,0
0,0
0,0
0,0
0,0
0,0
0,0
0,0
0,0
0,0
0,0
0,0
0,0
0,0
0,0
0,0
0,0
0,0
1,-1
0,-1
-1,1
1,0
1,-2
-2,1
0,3
3,-3
-2,-3
-4,5
5,1
3,-9
-10,5
2,10
30,-39
20,-81
-10,-42
8,13
52,-1
54,-23
13,17
-22,47
-25,-3
2,-65
15,-50
-40,21
-108,70
-85,65
3,23
34,-31
-11,-54
-38,3
3,91
53,80
35,-26
-35,-74
-71,-28
-50,3
-32,-6
-23,4
17,7
44,-30
-5,-67
-71,-64
-58,-11
9,87
37,144
2,92
-23,15
33,6
111,15
94,3
7,4
-11,-14
30,-77
5,-94
-64,-34
-54,0
19,-23
39,-28
-6,-5
-46,15
-60,29
-77,22
-81,-10
-37,-13
25,23
39,49
25,55
45,60
55,48
6,29
3,35
103,27
156,-28
64,-74
-35,-61
-34,-24
-12,-5
-15,8
5,33
31,47
26,27
36,-5
64,-9
28,-2
-55,-17
-57,-25
20,-3
45,10
16,-2
48,-10
110,-16
78,-31
0,-34
11,-12
53,28
7,68
-44,56
-3,-15
33,-47
-21,-14
-66,-29
-32,-84
11,-39
7,52
-27,29
-64,-38
-58,0
12,69
62,55
7,11
-86,-17
-91,-68
-29,-106
-11,-60
-45,28
-37,59
14,19
11,-29
-31,-20
-3,23
43,10
-20,-46
-97,-38
-27,12
71,-10
19,-63
-57,-46
1,-23
64,-60
0,-54
-66,40
-30,95
9,51
2,2
26,4
83,22
79,35
1,45
-80,39
-114,1
-98,-66
-49,-131
7,-133
45,-54
45,31
12,27
7,-65
66,-113
115,-20
73,87
-8,21
-36,-124
-11,-86
29,93
83,135
120,28
90,0
31,49
10,2
18,-84
13,-39
-2,56
-26,31
-50,-50
-36,-41
-8,9
-29,-3
-47,-31
21,-9
78,11
17,-16
-45,-51
-1,-64
40,-61
3,-33
-5,1
49,-2
63,-15
12,15
-28,43
-23,0
5,-63
12,-52
-41,21
-106,72
-85,65
2,22
34,-30
-11,-54
-38,2
3,91
53,80
35,-26
-35,-74
-71,-28
-50,3
-32,-6
-23,4
17,7
44,-30
-5,-67
-71,-64
-58,-11
9,87
37,144
2,92
-23,15
33,6
111,15
94,3
7,4
-11,-14
30,-77
5,-94
-64,-34
-54,0
19,-23
39,-28
-6,-5
-46,15
-60,29
-77,22
-81,-10
-37,-13
25,23
39,49
25,55
45,60
55,48
6,29
3,35
103,27
156,-28
64,-74
-35,-61
-34,-24
-12,-5
-15,8
5,33
31,47
26,27
36,-5
64,-9
28,-2
-55,-17
-57,-25
20,-3
45,10
16,-2
48,-10
110,-16
78,-31
0,-34
11,-12
53,28
7,68
-44,56
-3,-15
33,-47
-21,-14
-66,-29
-32,-84
11,-39
7,52
-27,29
-64,-38
-58,0
12,69
62,55
7,11
-86,-17
-91,-68
-29,-106
-11,-60
-45,28
-37,59
14,19
11,-29
-31,-20
-3,23
43,10
-20,-46
-97,-38
-27,12
71,-10
19,-63
-57,-46
1,-23
64,-60
0,-54
-66,40
-30,95
9,51
2,2
26,4
83,22
79,35
1,45
-80,39
-114,1
-98,-66
-49,-131
7,-133
45,-54
45,31
12,27
8,-65
66,-113
115,-20
73,87
-8,20
-36,-124
-11,-86
29,93
83,135
120,28
90,0
31,49
10,3
18,-83
14,-41
-2,55
-28,33
-49,-50
-34,-44
-11,12
-30,1
-42,-38
19,-11
71,23
25,-21
-40,-66
-33,-21
-3,25
-3,-16
-10,-37
-10,37
-2,87
31,45
56,19
25,38
-22,-6
-23,-84
-14,-59
-39,28
-54,28
-22,-28
0,-24
-27,3
-41,-27
0,-61
38,-18
17,54
-11,65
10,8
52,-43
63,-33
42,5
17,10
9,-5
16,4
13,18
-12,24
-27,45
-11,58
1,16
-7,-22
-4,12
8,49
-9,13
-41,-28
-46,-8
-37,27
-34,42
-6,46
42,18
36,-41
-25,-60
-45,-15
2,15
30,-10
13,-30
11,-6
16,26
-20,39
-53,39
-26,23
-4,-10
-46,-20
-70,14
-6,36
51,1
18,-38
-34,-19
-30,17
-6,3
15,-26
47,-7
40,23
-35,-13
-82,-70
-30,-50
38,22
37,36
2,-6
-18,-19
-24,-5
-23,-19
-17,-40
-14,-26
-13,-18
-8,-45
-3,-57
-4,-31
-21,-12
-50,-7
-44,13
16,21
60,-9
22,-21
-45,27
-34,56
61,4
119,-41
69,2
2,66
23,62
67,18
28,-5
-28,5
-1,35
47,48
29,25
0,16
24,45
60,45
60,-10
37,-38
12,-18
-3,-9
-4,-8
-16,8
-37,7
-28,-5
-1,24
-9,59
-25,20
4,-44
35,-34
22,20
7,41
7,40
-20,47
-55,23
-38,-47
14,-79
40,-25
26,27
-4,8
-10,-33
18,-35
27,-11
-11,11
-22,17
19,2
32,-11
14,4
42,30
79,43
27,49
-62,45
-70,11
-10,-27
24,-26
3,-2
-22,19
-14,40
4,59
10,43
28,2
55,-24
34,-31
-22,-27
-30,12
7,64
13,60
-4,5
0,-23
-11,-21
-65,-41
-81,-58
-16,-21
47,23
38,20
8,7
8,26
7,30
-29,-9
-54,-41
-30,-39
-2,-31
-17,-20
-42,3
-26,3
7,-18
10,10
-5,75
-6,82
3,32
2,20
-1,45
7,32
3,-17
-17,-48
-13,-44
20,-1
35,65
21,74
17,-2
32,-56
34,-29
22,-10
7,-40
-13,-42
-27,7
-35,32
-52,14
-52,-10
-9,-30
15,-35
-27,-13
-55,7
-14,-7
25,-21
4,-10
-35,-8
-57,-26
-46,-25
11,13
51,50
6,37
-44,-17
-2,-45
46,-8
-6,36
-72,26
-47,-13
-20,-42
-84,-65
-136,-61
-63,-11
38,16
30,-31
-31,-57
-26,21
25,100
37,73
16,17
3,26
-10,43
-29,5
-34,-35
-28,-21
-24,19
-11,25
2,0
-12,-9
-33,6
-24,1
-20,-17
-47,3
-48,43
3,41
17,29
-39,60
-65,67
-13,5
31,-26
19,21
3,41
4,-6
-4,-34
-7,-18
18,-13
45,-10
55,19
55,28
30,-2
-24,-11
-49,-1
-13,-20
13,-25
-11,36
-15,80
36,48
63,22
20,34
-24,-7
-19,-82
-14,-59
-42,27
-53,28
-21,-28
-1,-25
-27,3
-41,-27
0,-61
37,-19
18,54
-11,65
10,8
52,-43
63,-33
42,5
17,10
9,-5
16,4
13,18
-12,24
-27,45
-11,58
1,16
-7,-22
-4,12
8,49
-9,13
-41,-28
-46,-8
-37,27
-34,42
-6,46
42,18
36,-41
-25,-60
-45,-15
2,15
30,-10
13,-30
11,-6
16,27
-20,39
-52,39
-26,23
-5,-9
-45,-21
-69,13
-8,38
51,2
20,-41
-36,-18
-33,21
0,-1
4,-26
-15,25
-30,84
-20,47
19,-23
43,-25
14,5
-28,-6
-26,-21
11,9
42,42
40,35
-4,15
-46,-3
-36,-30
1,-38
3,-15
-24,-6
-32,-20
-14,7
7,52
18,28
3,-38
-23,-46
-15,-16
12,-25
-2,-49
-42,-43
-40,-23
-11,3
-6,35
-12,37
-11,1
-20,-11
-22,25
6,50
19,23
3,-20
18,-26
49,15
12,56
-46,45
-20,-2
46,-23
47,-14
2,-30
-21,-69
-20,-54
-17,21
-18,53
-38,7
-58,-14
-35,36
20,59
41,1
8,-49
-34,-23
-37,15
-1,0
38,-23
33,0
-12,38
-48,38
-37,1
2,-40
22,-60
14,-46
23,-10
69,-5
87,-39
34,-40
-13,17
28,38
92,-21
68,-58
-12,-5
-46,45
-22,8
1,-55
2,-50
4,-6
9,-6
4,-33
-6,-4
1,54
20,34
18,-29
-8,-6
-14,67
8,41
24,-51
27,-53
24,28
-7,56
-43,14
-20,-8
39,5
47,11
5,1
-20,-23
-38,-71
-71,-102
-60,-56
12,27
49,37
2,-23
-33,-44
15,-2
70,19
47,-2
-5,-9
-11,-5
0,-22
-14,-26
-13,-9
31,-28
56,-63
16,-37
-46,8
-70,-5
-46,-17
-9,23
7,23
9,-45
12,-68
1,-27
-27,-24
-23,-41
20,12
32,71
-8,45
-26,17
2,56
22,62
10,-11
-8,-40
-22,14
-23,33
9,-6
37,-12
5,13
-38,1
1,-23
85,-7
97,26
27,32
-32,3
-28,-22
5,12
23,94
16,119
-2,53
-21,1
-27,17
2,29
65,6
103,0
63,13
-4,7
-26,-6
-19,-12
-27,-23
-19,-23
28,4
43,18
-9,2
-48,-5
-34,-4
-38,-22
-63,-19
-26,13
52,2
67,-51
27,-49
3,21
-20,62
-66,35
-76,-13
-39,-30
-28,-20
-45,-27
-34,-48
-11,-19
-22,52
-47,49
-47,-33
-13,-62
25,-18
30,-14
3,-55
-5,-44
17,-11
26,-42
16,-81
9,-38
-5,13
-28,-18
-27,-50
-5,8
9,68
17,42
23,3
10,11
-11,11
-18,-24
-29,-32
-55,3
-61,32
-33,23
-10,-7
-20,-21
-46,3
-50,32
-16,29
19,7
11,-10
-22,-34
-31,-59
-21,-52
-10,-25
12,-22
35,-48
27,-60
4,-18
-3,51
-5,61
-2,-1
28,-31
45,17
4,42
-42,-8
-35,-44
-21,-22
-35,-9
-30,-16
-3,4
2,23
0,-2
26,-33
45,-32
24,-33
-3,-46
-3,-29
0,16
-23,37
-59,30
-75,21
-60,-10
-37,-63
-32,-55
-35,38
-26,87
-2,29
13,-16
10,19
1,32
1,-2
-6,19
-28,78
-26,53
19,-23
46,-29
13,6
-30,-4
-25,-23
11,8
41,43
40,36
-3,15
-47,-3
-37,-29
2,-39
3,-15
-24,-6
-32,-20
-14,7
7,52
18,28
3,-38
-23,-46
-15,-16
12,-25
-2,-49
-42,-43
-40,-23
-11,3
-6,35
-12,37
-11,1
-20,-11
-22,25
6,50
19,23
3,-20
18,-26
49,15
12,56
-46,45
-20,-2
46,-23
47,-14
2,-30
-21,-69
-20,-55
-17,21
-18,54
-37,7
-59,-15
-35,37
21,61
41,-2
7,-50
-32,-18
-37,14
-4,-5
39,-17
37,6
-17,26
-52,36
-27,22
6,-49
17,-108
40,-55
71,21
61,-23
38,-92
60,-28
85,74
38,50
-54,-23
-83,0
-13,46
50,-14
-3,-111
-98,-88
-79,43
28,115
70,58
50,-15
78,-7
132,30
118,41
55,64
11,90
-13,53
-34,2
-56,28
-92,69
-136,49
-133,45
-42,72
86,16
129,-79
49,-65
-41,-13
-38,-58
13,-90
25,-3
22,48
58,-28
97,-76
69,-32
-12,-21
-62,-41
-48,-11
-23,-7
-18,-73
-2,-57
3,44
-52,8
-99,-133
-50,-83
20,125
3,154
-36,-20
-17,-106
0,-24
-34,55
-69,53
-78,21
-79,-15
-54,-46
-5,-39
-11,18
-96,78
-149,77
-90,11
-5,-50
-8,-49
-61,-7
-61,30
-22,28
-17,-15
-36,-49
-44,-35
-65,-13
-98,-27
-102,-61
-85,-88
-67,-72
-20,34
48,161
67,149
32,31
4,9
-9,92
-32,104
-50,17
-48,-57
-23,-98
38,-124
105,-81
91,7
-7,24
-80,0
-84,44
-61,49
-28,-92
8,-159
-4,14
-39,141
6,10
115,-80
137,71
47,157
-31,18
-32,-50
-10,73
-17,107
-52,-34
-72,-102
-48,-23
-31,13
-83,-45
-115,-44
-18,38
83,46
12,-53
-124,-96
-111,-10
-15,66
-26,15
-79,-88
-3,-131
115,-119
78,-93
-54,-45
-87,4
-31,-6
0,-46
27,-20
72,59
49,86
-8,40
29,-20
78,-62
-3,-79
-93,-64
-56,-27
-3,27
7,80
44,58
42,-30
-51,-34
-53,71
78,87
87,-40
-79,-115
-144,-51
-11,24
109,20
53,-21
-93,-59
-130,-68
-7,-28
93,17
53,-5
2,-78
17,-109
-10,-39
-66,48
-15,24
72,-70
28,-69
-84,37
-111,88
-52,45
32,21
103,36
79,19
-51,-28
-123,-47
-53,-37
7,-27
-48,-21
-87,-4
-28,18
14,20
-1,-10
23,-50
66,-79
15,-98
-83,-76
-109,8
-101,83
-122,76
-92,46
24,68
98,71
63,-14
17,-74
33,3
62,112
30,98
-55,-8
-79,-62
42,-17
167,30
109,-12
-31,-80
-38,-45
32,66
17,106
-21,55
20,11
63,12
56,14
66,9
90,41
48,131
-24,185
-30,95
5,-47
-21,-50
-91,21
-83,-32
11,-106
59,-3
13,118
-32,26
-24,-128
16,-126
90,-65
156,-64
103,-39
-37,33
-87,63
6,51
85,15
28,-74
-77,-143
-72,-87
11,8
-3,22
-99,5
-78,0
46,-49
39,-101
-83,-57
-110,27
-95,37
-173,-10
-176,-50
19,-76
155,-66
88,18
31,124
63,149
47,67
42,-36
145,-73
165,-62
22,-77
-34,-92
59,-57
57,-48
-53,-126
-44,-158
70,-46
94,40
37,-31
33,-101
77,-21
82,76
28,44
-48,-22
-78,3
-18,44
49,-16
0,-110
-99,-87
-80,42
29,115
70,59
49,-15
78,-7
132,30
118,41
55,64
11,90
-13,53
-34,2
-56,28
-92,69
-136,49
-133,45
-42,72
86,16
129,-79
49,-65
-41,-13
-38,-58
13,-90
25,-3
22,48
58,-28
97,-76
69,-32
-12,-21
-62,-41
-48,-11
-23,-7
-18,-72
-2,-57
3,44
-52,8
-99,-133
-49,-83
19,125
2,154
-35,-21
-16,-106
-1,-23
-34,55
-65,51
-79,21
-84,-13
-50,-48
-2,-41
-19,23
-69,83
-50,66
-1,-8
-8,-39
-19,-2
32,16
71,-14
38,-15
3,21
8,19
-7,-18
-53,-24
-61,-13
-15,-24
23,-23
8,-7
-29,-30
-26,-65
29,-33
73,29
60,22
26,-26
11,-21
-9,24
-41,34
-37,11
12,-5
33,-27
-14,-61
-60,-55
-36,3
13,44
5,28
-44,-13
-52,-38
-2,-30
38,-3
21,18
-30,22
-54,17
-21,-1
25,-19
13,0
-37,34
-32,18
22,-22
23,-10
-13,20
20,-4
77,-34
27,-9
-77,7
-86,-23
-23,-20
5,27
7,32
22,-3
17,3
-11,24
-14,-14
-4,-67
-26,-56
-49,-6
-24,9
20,-10
15,-13
-26,17
-32,53
10,63
37,37
26,-6
18,-24
23,5
6,35
-23,23
-10,3
38,15
46,20
1,-1
-19,5
24,38
48,23
4,-13
-21,9
35,58
86,57
55,26
6,10
0,0
2,-3
-2,19
20,30
40,-2
13,-28
-26,4
-16,59
20,66
9,28
-58,2
-100,10
-55,7
16,-29
13,-45
-39,-4
-44,29
3,5
30,-7
19,41
6,66
2,15
-2,-26
-8,-17
-13,-28
-15,-62
-12,-41
-4,12
8,19
1,3
-41,11
-77,10
-52,-19
-1,-35
11,-35
-1,-43
3,-37
16,-7
27,6
26,-5
-16,-3
-66,2
-37,-18
31,-30
20,-1
-43,18
-46,-12
-23,-29
-45,0
-59,14
-21,-16
1,-30
-17,-8
-9,-3
23,-16
22,11
-2,57
-8,35
2,-37
11,-59
8,-16
-23,23
-45,31
-20,37
7,40
-3,17
7,-26
53,-53
55,-48
10,-19
-12,20
-16,55
-29,70
-22,57
-2,29
-10,4
-16,-4
2,6
6,20
7,16
41,-10
43,-30
-22,-18
-46,1
24,-22
77,-53
53,-31
25,3
24,-36
9,-92
-14,-61
-5,11
1,14
-37,-29
-72,-28
-52,26
-16,73
-13,64
-23,14
-23,-16
-26,-4
-27,11
-6,3
9,-12
4,-31
19,-49
48,-28
31,10
-19,1
-37,-17
-22,35
3,88
50,42
97,-28
89,-28
54,-18
50,-45
42,-37
-14,9
-43,20
15,18
61,51
-2,57
-98,7
-99,-15
-30,11
-2,-1
-30,-50
-45,-50
-20,3
17,34
39,5
32,-51
6,-75
-11,-49
-13,-10
-26,0
-44,-10
-23,-21
22,-49
14,-84
-43,-74
-53,-23
7,-8
37,-32
-10,-21
-47,5
-15,-40
26,-91
19,-18
-7,88
-14,47
2,-64
34,-47
45,59
1,76
-47,5
-32,-36
10,-39
14,-54
4,-51
1,3
-37,45
-90,16
-70,-31
12,-39
43,-25
-3,-10
-38,20
-20,38
-5,4
-21,-31
-14,-9
37,14
66,-9
36,-15
7,18
8,20
-9,-16
-52,-25
-60,-14
-16,-23
23,-23
9,-8
-29,-30
-26,-65
30,-34
74,29
60,23
26,-26
11,-21
-9,24
-41,34
-37,11
12,-5
33,-27
-14,-61
-60,-55
-36,3
13,44
5,28
-44,-13
-52,-38
-2,-30
38,-3
21,18
-30,22
-54,17
-21,-1
25,-19
13,0
-37,34
-32,18
22,-22
23,-10
-13,20
20,-4
77,-34
27,-9
-77,7
-86,-24
-23,-20
5,29
8,31
22,-4
15,6
-10,24
-12,-20
-7,-64
-28,-48
-44,-16
-24,3
6,20
17,-3
8,-64
-5,-63
-1,13
20,54
19,27
-32,-8
-88,-37
-84,-56
-24,-26
27,26
40,39
30,34
16,32
20,0
48,-35
45,-18
-27,5
-85,-14
-46,-30
15,-38
-5,-68
-59,-61
-48,11
10,30
45,-40
40,-54
12,29
-9,57
3,-8
24,-34
1,15
-41,40
-34,19
4,14
18,28
20,12
33,-7
35,31
14,88
0,68
7,-4
24,-12
35,44
27,59
20,19
27,7
12,19
-31,-3
-27,-25
46,5
83,31
25,6
-46,-10
-49,15
-5,21
34,-16
50,-44
55,-20
57,31
32,48
-27,16
-70,3
-55,40
-30,52
-42,12
-36,3
30,41
77,36
27,-2
-59,11
-70,44
-7,24
51,-9
62,-5
45,0
36,-3
36,26
17,63
-10,50
1,-3
31,-46
18,-57
-8,-34
12,-1
25,12
-16,11
-28,20
27,26
40,13
-31,10
-58,28
7,23
36,-19
-7,-40
-5,-7
48,28
25,26
-57,20
-50,38
33,51
43,24
-28,-37
-62,-81
-33,-60
1,12
10,53
-2,33
-20,17
-15,33
1,23
-3,-20
-5,-19
16,31
21,45
1,3
1,-29
23,-22
18,-9
-9,-8
-19,4
-15,40
-11,67
-3,49
10,10
28,9
45,40
30,48
-15,24
-28,19
9,41
24,36
-13,-7
-24,-25
11,11
9,41
-30,12
-7,-43
55,-52
38,-8
-27,25
-33,1
-18,-41
-48,-49
-55,-35
-9,-29
-1,-19
-28,13
12,46
79,49
60,24
9,1
24,2
45,6
2,-19
-24,-51
15,-40
28,11
-21,37
-36,2
22,-47
62,-35
39,31
11,52
9,-10
-3,-51
-24,-3
-13,41
-1,4
-36,-27
-56,15
-2,52
45,28
12,2
-23,1
3,-14
21,-26
-20,12
-64,45
-62,6
-16,-48
38,-31
46,15
1,9
-28,-17
-13,-7
-2,7
-19,-2
-29,15
-15,62
10,73
31,35
26,-10
-8,-45
-37,-48
-35,5
5,60
66,47
90,7
42,-2
-4,3
27,6
72,28
42,24
-14,-42
-11,-87
27,-39
37,19
23,2
24,-40
37,-57
37,-72
17,-58
-1,12
0,54
20,14
43,-2
41,59
11,73
-6,-1
9,-30
9,22
-25,29
-32,-29
12,-41
37,-1
5,10
-31,0
-23,12
6,10
9,-30
-17,-47
-34,-15
-21,11
-8,12
-14,32
-3,66
34,60
48,13
19,-14
-16,6
-29,31
-31,20
-40,-13
-53,-32
-53,-40
-36,-56
-23,-69
-20,-50
-12,-14
2,5
9,-10
19,-49
40,-74
53,-37
45,24
27,5
6,-69
-9,-65
-1,17
22,53
17,25
-33,-7
-88,-36
-84,-57
-25,-26
27,26
41,39
30,34
16,32
20,0
48,-35
45,-18
-27,5
-85,-14
-46,-30
15,-38
-5,-68
-59,-61
-48,11
10,30
45,-40
40,-54
12,29
-9,57
3,-8
24,-34
1,15
-41,40
-34,19
4,14
18,28
20,12
33,-7
35,31
14,88
0,68
7,-4
24,-12
34,44
27,59
20,19
27,7
12,19
-31,-3
-27,-26
46,5
84,32
25,5
-47,-12
-49,17
-3,23
33,-21
48,-45
58,-13
58,28
27,39
-26,27
-63,9
-60,2
-16,11
46,9
71,-28
43,-48
24,12
46,98
51,96
14,18
-1,-35
20,-20
14,23
-24,39
-36,9
-12,-14
15,24
35,63
38,24
10,-38
-16,-39
1,-20
31,-20
20,10
-13,62
-26,61
-28,16
-30,-20
-17,-51
2,-64
3,-18
6,27
19,0
7,-29
-29,8
-34,39
-12,15
-18,-6
-50,-5
-64,-16
-49,-17
-21,7
8,1
13,-43
-10,-54
-19,-21
4,-2
22,-1
22,25
24,64
24,59
-6,9
-34,-27
-6,-9
45,38
33,62
-27,47
-30,15
36,-19
59,-55
1,-62
-55,-20
-58,16
-27,-4
13,-25
39,11
21,42
-13,12
-16,-11
5,12
24,0
36,-68
24,-83
-15,-4
-13,71
60,76
105,44
47,8
-24,-32
-10,-65
30,-75
11,-49
-23,10
-1,50
44,22
46,-26
13,-10
-2,47
14,47
29,-12
21,-49
4,-40
9,-28
24,-20
10,5
-29,18
-38,-8
-5,-29
16,-2
1,24
-16,0
-16,-29
-1,-16
23,2
28,-4
-3,-4
-20,13
13,9
35,-17
8,-23
-5,3
20,30
34,34
27,11
34,-28
37,-56
5,-48
-28,-16
-22,6
9,-1
33,-18
40,-17
34,-10
25,-20
22,-32
19,-24
8,-11
-1,2
-2,28
-11,40
-25,12
-27,-13
-37,4
-69,27
-80,19
-40,1
-6,-14
-16,-24
-28,-4
0,43
43,56
56,20
32,-7
8,-5
12,-14
6,-33
-38,-28
-52,-10
2,0
17,15
-57,22
-95,-2
-34,-17
5,17
-30,49
-34,32
11,0
7,-2
-34,9
-19,16
26,14
11,-6
-33,-21
-19,7
28,45
36,15
8,-51
-7,-56
-8,-8
-26,-1
-50,-47
-25,-71
41,-52
70,-30
43,-20
28,-3
36,11
19,7
-4,4
13,17
22,20
-10,0
-12,-8
37,20
41,53
-22,63
-52,51
-12,27
14,22
-10,50
-4,55
62,-9
84,-58
11,-7
-32,65
32,61
72,32
-1,30
-58,15
-12,-9
30,26
10,79
22,50
88,-27
107,-39
58,5
14,9
-8,-31
-27,-30
-27,13
-19,20
-43,-10
-58,-7
5,18
70,1
29,-20
-46,14
-15,44
76,8
84,-22
3,8
-65,30
-58,0
-2,-27
26,-29
-5,-26
-29,-12
-3,12
14,14
-14,7
-34,14
-13,8
21,-4
46,41
42,111
-12,76
-58,-39
-23,-59
40,34
42,66
13,-4
19,-20
24,52
-16,64
-42,-5
3,-18
45,39
4,43
-51,0
-45,-2
-39,4
-73,-37
-66,-54
-1,-16
30,6
8,4
0,29
6,52
9,29
34,-8
65,-32
50,-38
25,11
42,92
52,99
16,20
-3,-38
19,-21
15,25
-24,38
-37,8
-12,-14
16,24
35,63
38,24
10,-38
-16,-39
1,-20
31,-20
20,10
-13,62
-26,61
-28,16
-30,-20
-17,-51
2,-64
3,-18
6,27
19,0
7,-29
-29,8
-34,39
-12,15
-18,-6
-50,-5
-64,-16
-49,-17
-21,7
8,1
13,-43
-10,-54
-19,-21
4,-2
22,-1
21,25
24,64
24,59
-6,8
-34,-27
-5,-7
44,37
32,60
-26,49
-29,17
33,-24
60,-55
6,-56
-59,-24
-64,8
-18,7
16,-19
26,-20
52,18
66,32
8,-19
-60,-69
-55,-59
-61,-32
-105,-18
-52,23
53,73
0,55
-100,4
-2,6
98,29
-74,12
-235,16
-61,75
156,76
81,-22
-40,-77
68,-26
186,12
108,-20
20,-32
37,-10
9,-33
-64,-79
-27,-75
48,-35
7,11
-64,74
-44,104
12,43
60,-24
89,-5
21,34
-97,32
-85,33
14,30
-4,-35
-76,-85
-20,-34
70,24
38,11
-12,23
24,76
37,47
-28,-39
-56,-50
-5,-25
41,-45
58,-6
58,122
9,141
-59,-14
-30,-114
99,0
181,175
136,173
58,-6
41,-123
42,-53
16,44
17,22
67,-16
69,17
-7,27
-49,-16
-14,-15
20,46
34,91
61,86
47,31
-12,-24
19,11
120,98
83,85
-54,-16
-50,-42
43,24
16,56
-39,36
25,36
63,47
-7,16
-7,-40
67,-63
38,-49
-30,-38
44,-39
156,-9
120,40
25,13
28,-90
61,-119
-6,-46
-94,-42
-53,-122
51,-72
37,115
-62,174
-76,58
-5,1
28,68
15,97
-11,22
-75,-72
-120,-109
-33,-65
113,28
127,78
25,35
-17,-40
25,-51
58,12
91,50
153,-6
143,-78
18,-70
-76,-32
-52,-32
-22,-27
-44,6
-32,2
34,-35
66,-28
39,6
11,-26
0,-113
-22,-125
-60,10
-62,183
1,194
43,17
-45,-139
-186,-109
-191,13
-69,47
9,-8
7,-31
26,15
78,61
82,48
9,-16
-93,-72
-141,-55
-87,13
-13,32
-46,-5
-128,6
-101,58
7,24
37,-89
-17,-116
-32,-30
13,17
39,-29
20,-42
-11,43
-30,110
-31,58
-5,-47
43,-115
74,-146
65,-126
57,-35
84,37
103,2
78,-45
60,-9
83,-3
76,-108
10,-164
-22,-50
14,87
25,86
-10,9
-14,-6
-9,50
-69,74
-92,16
35,-61
156,-96
81,-103
-60,-68
-63,45
-4,138
-30,68
-78,-87
-47,-140
4,-81
11,-13
16,26
47,18
65,-41
52,-81
34,-62
32,-34
24,-1
-15,56
-39,64
2,-11
44,-66
14,-28
-28,32
-29,35
-46,1
-76,1
-56,51
-55,76
-130,40
-134,14
3,11
104,-41
81,-92
73,-39
110,18
84,-45
16,-75
-2,56
0,145
-30,45
-59,-33
-70,72
-98,167
-135,70
-127,-73
-41,-65
75,52
105,114
1,61
-102,-33
-60,-65
63,-41
106,-64
60,-125
35,-87
38,14
-15,-16
-98,-122
-86,-69
5,64
33,20
-3,-113
16,-88
61,-2
17,-55
-59,-154
-41,-142
24,-69
35,-28
22,-39
49,-100
91,-123
88,-24
29,85
-16,66
22,5
71,6
17,-5
-64,-60
-59,-71
-57,-33
-104,-11
-55,21
53,69
1,58
-101,5
-2,4
99,29
-74,14
-235,16
-61,75
156,76
81,-22
-40,-78
68,-26
186,12
108,-20
20,-32
37,-10
9,-33
-64,-79
-27,-75
48,-35
7,11
-64,74
-44,104
12,43
60,-24
89,-5
21,34
-97,32
-85,33
14,30
-4,-35
-76,-85
-20,-34
70,24
38,11
-13,23
24,76
37,47
-29,-40
-55,-50
-5,-25
40,-45
58,-6
60,123
8,141
-61,-17
-27,-114
101,4
176,172
136,168
66,2
35,-121
32,-66
32,49
23,40
10,-57
23,-75
59,-13
50,-1
-6,-34
-15,-9
42,47
56,41
-3,7
-25,20
26,34
49,-2
19,-23
12,4
24,16
-3,4
-19,18
30,31
58,-10
18,-68
6,-75
32,-36
-13,9
-84,33
-45,26
34,3
14,-2
-29,11
4,-4
10,-54
-62,-70
-73,-13
16,43
52,20
-12,-35
-48,-25
-3,41
32,65
20,23
19,-18
39,-25
23,-23
-26,-12
-45,23
-27,45
-13,22
-8,-1
13,18
39,39
31,17
-12,-18
-50,-29
-62,-24
-74,-11
-95,10
-77,24
-12,12
28,-17
7,-32
-27,-17
-31,12
-9,20
22,-7
44,-50
36,-68
11,-38
-7,3
-16,5
-11,-6
23,24
49,59
22,31
-17,-13
-2,8
30,45
18,25
-3,-4
6,14
6,26
-9,6
5,6
22,35
-6,38
-30,1
-13,-46
-15,-74
-39,-49
-8,5
44,11
11,-20
-56,6
-43,73
9,72
3,-6
-22,-54
1,-16
28,49
12,60
8,3
48,-46
66,-17
25,55
-15,76
-17,31
-15,-16
-18,-18
-7,7
7,22
8,22
12,22
20,18
17,-5
9,-23
13,6
23,57
28,68
16,42
-4,21
0,4
30,-24
31,-38
-21,-20
-73,2
-86,9
-75,0
-46,-32
3,-53
39,-21
26,21
-14,9
-31,-7
-19,44
4,86
35,33
65,-35
52,-8
-8,49
-50,20
-26,-54
20,-68
23,-29
-12,-12
-32,-31
-11,-46
14,-39
3,-16
-28,4
-34,1
-19,-15
-12,-8
-12,12
-10,-2
-14,-35
-19,-37
-23,-18
-29,-19
-15,-6
25,59
23,114
-37,91
-62,37
-25,19
-8,18
-15,-2
8,-11
21,15
-15,29
-22,-8
35,-50
56,-32
-5,23
-61,33
-39,-9
8,-30
1,-1
-27,31
8,26
81,-2
89,-13
43,9
33,39
37,33
-15,-7
-68,-37
-32,-44
44,-46
52,-41
-11,-19
-43,-1
13,-8
86,-26
76,-36
16,-33
10,-17
46,-6
42,-17
14,-36
11,-32
-12,2
-58,36
-32,39
57,6
66,-24
-20,-3
-54,55
2,75
41,36
30,8
29,25
38,29
26,0
16,1
15,38
-3,43
-17,9
16,-8
64,1
63,16
19,41
-25,54
-37,20
-10,-20
19,-7
-8,13
-56,-12
-34,-34
35,2
46,50
10,46
14,4
34,-21
5,-8
-21,25
16,39
46,13
6,-23
-46,-13
-55,25
-41,17
-21,-37
6,-47
25,-2
36,14
45,-11
39,-3
28,31
40,29
43,2
15,-15
13,-30
48,-26
36,25
-8,62
12,48
52,38
1,32
-66,-24
-13,-71
79,-36
61,3
-19,-21
-16,-16
51,42
54,47
-8,8
-22,15
27,35
47,1
19,-24
13,3
24,17
-3,4
-18,17
30,31
58,-10
18,-68
6,-75
32,-36
-13,9
-84,33
-45,26
34,3
14,-2
-29,11
4,-4
10,-54
-62,-70
-73,-13
16,43
52,20
-12,-35
-48,-25
-3,41
32,65
20,23
19,-18
39,-25
23,-23
-26,-12
-45,23
-27,45
-13,22
-8,-1
13,18
39,39
31,17
-12,-17
-50,-29
-62,-24
-74,-12
-95,11
-76,24
-13,10
28,-16
8,-29
-27,-20
-32,9
-8,27
24,-8
42,-62
37,-47
18,21
-18,34
-68,-13
-86,-20
-41,9
12,-1
22,-20
13,12
15,43
18,15
11,-24
-13,-33
-51,-33
-66,-18
-28,23
22,35
28,-9
2,-38
-21,-3
-16,40
22,30
54,2
31,20
-10,67
9,68
53,11
30,-14
-31,40
-36,85
-8,45
-26,-12
-57,-9
-33,7
9,-24
6,-53
-10,-29
-5,-5
-6,-24
-10,-39
19,-20
50,-10
22,-27
-27,-40
-28,-43
2,-44
5,-18
-29,29
-60,47
-39,13
37,-34
98,-54
90,-31
43,20
11,42
-3,9
-5,-18
24,4
68,18
65,-23
3,-61
-49,-39
-44,0
-23,5
-13,-3
6,8
15,16
-18,6
-32,-4
24,3
61,12
11,14
-20,15
23,17
30,14
-22,6
-18,15
18,34
-20,33
-45,10
48,5
109,30
17,47
-56,32
6,13
44,19
-22,30
-47,10
2,-10
0,16
-41,49
-15,17
34,-44
24,-42
8,24
29,76
20,71
-33,22
-46,-14
-6,5
16,30
8,-1
10,-30
8,23
-19,78
-28,19
13,-78
51,-71
37,11
-4,43
-27,19
-25,3
-2,-11
21,-36
8,-25
-30,28
-30,57
11,50
26,56
-14,67
-55,42
-51,9
-23,23
-2,65
15,70
35,32
46,8
46,33
46,56
38,16
23,-35
23,-17
20,26
-14,13
-39,-3
-25,52
-21,105
-43,68
-26,7
20,-13
14,-35
-30,-60
-31,-25
2,31
10,20
-12,-23
-22,-19
11,1
54,-6
32,-8
-25,-4
5,-27
87,-43
67,-6
-30,38
-49,34
-1,2
13,-20
6,-9
14,25
24,29
49,-17
82,-47
64,-15
19,8
28,-35
44,-75
-6,-40
-42,25
2,51
25,33
-37,-7
-74,-47
-14,-59
42,-45
4,-38
-56,-33
-27,-1
31,35
-1,33
-76,10
-62,4
12,4
31,-4
7,-16
18,-30
22,-32
-28,-1
-53,24
6,-11
56,-50
27,-21
-16,14
-17,-8
-9,-18
-20,34
-26,64
-21,30
-12,11
8,40
32,46
36,0
10,-46
-23,-52
-21,-37
18,-29
33,-19
0,14
-18,48
18,41
48,5
30,1
7,30
12,38
28,14
38,-14
31,-32
-2,-29
-39,8
-49,30
-28,-11
7,-57
30,-41
3,-11
-55,-26
-58,-37
8,2
50,29
24,-6
4,-52
25,-51
31,-16
-6,8
-33,8
-26,-2
-24,-4
-33,11
-10,29
38,25
36,0
-20,-22
-43,-24
7,-4
59,21
65,30
56,21
47,12
15,5
-30,-4
-38,-7
11,-11
73,-39
78,-65
20,-38
-19,18
10,45
51,52
35,53
-24,22
-75,-21
-80,-15
-39,11
8,-4
23,-21
16,14
14,42
17,14
12,-23
-13,-33
-52,-34
-66,-18
-27,23
22,35
28,-9
2,-38
-20,-3
-16,39
22,30
54,2
31,20
-10,67
9,68
53,11
30,-14
-31,40
-36,85
-8,45
-26,-12
-57,-9
-33,7
9,-24
6,-53
-10,-29
-5,-5
-5,-24
-10,-39
19,-20
50,-10
22,-27
-27,-40
-28,-43
2,-44
5,-18
-29,30
-60,47
-38,13
37,-34
98,-54
91,-31
42,19
9,43
-2,10
-4,-20
21,4
68,21
69,-25
1,-64
-53,-34
-38,2
-20,-3
-38,5
-18,35
40,5
28,-73
-48,-80
-71,-7
-28,28
2,-2
21,-8
42,31
27,42
-4,2
7,-25
2,-4
-78,19
-115,-2
-23,-39
61,-21
23,49
-23,73
27,0
82,-76
52,-58
-11,1
-32,12
-8,-1
16,5
7,8
-11,1
1,13
25,29
19,20
-8,11
-15,23
-3,33
4,26
-8,17
-29,11
-32,-5
-20,-25
-13,-33
2,-28
30,-7
14,39
-51,75
-68,37
-25,-46
-19,-60
-43,14
-6,58
66,25
79,4
44,13
24,-9
34,-33
38,10
4,54
-43,22
-36,-10
8,21
10,43
-14,18
9,0
44,-5
28,-37
4,-66
22,-63
53,-57
62,-49
45,-11
2,25
-28,15
-7,-15
18,-36
-18,-43
-63,-21
-38,27
16,44
17,10
-25,-26
-41,-29
-18,-18
11,-22
9,-37
-20,-33
-20,0
40,15
82,-11
35,-21
-27,27
-9,72
31,51
19,4
18,-12
62,-11
50,-12
-34,8
-58,43
16,50
64,29
34,9
9,-5
22,-16
29,-9
26,2
25,-7
-3,-7
-45,15
-34,3
27,-55
41,-82
-20,-44
-70,14
-53,54
-14,59
-1,15
4,-31
16,-15
4,18
-28,0
-25,-23
15,4
24,30
-5,17
-12,14
5,44
-9,42
-35,-18
-20,-57
5,-9
-15,62
-52,59
-67,-8
-71,-46
-63,-23
-38,18
-28,35
-36,28
0,6
61,-16
47,-20
-21,-4
-29,9
11,2
-4,-14
-60,-13
-72,-2
-53,-8
-52,-17
-37,2
13,20
42,6
16,5
-7,42
7,50
15,-1
-12,-41
-24,-40
15,-33
51,-13
40,26
32,30
60,-11
56,-13
-5,24
-39,1
-12,-81
-4,-110
-29,-61
-16,-4
10,20
-17,8
-33,-24
27,-37
58,-17
-12,5
-53,18
14,28
60,18
10,0
-27,11
10,14
41,-39
25,-65
10,3
10,53
-11,-7
-45,-79
-48,-60
-13,-10
12,0
-13,-4
-59,1
-74,-11
-62,-39
-59,-61
-55,-72
-20,-60
16,-32
14,-35
6,-61
20,-35
13,25
-26,12
-31,-53
12,-35
31,52
9,67
8,4
26,-19
20,5
19,-7
49,-40
51,-18
2,24
-32,11
-22,-21
-16,-1
-30,31
-32,15
-23,-5
-32,14
-49,33
-38,15
-7,-10
7,-19
10,-19
35,-5
47,19
-9,21
-66,7
-24,13
62,17
48,-6
-56,-21
-110,2
-61,18
2,7
7,1
-9,-7
2,-48
12,-67
-7,-12
-18,32
2,-6
9,-39
-13,-10
-21,-3
-3,-41
-2,-29
-25,31
-21,30
8,-22
18,-32
1,-4
-16,17
-16,44
8,57
36,-1
16,-81
-43,-75
-65,-4
-34,24
0,-3
24,-5
42,31
25,40
-3,3
8,-24
1,-5
-78,19
-115,-2
-23,-39
61,-22
23,49
